Workbook

Sheet merged
A1: Total | B1: Average | C1: Standard Deviation | D1: Maximum | E1: Minimum | G1: Mean
A2: ='test case 1'!A$10004 -> 2.303909 | B2: ='test case 1'!E$10004 -> 0.02303909 | C2: ='test case 1'!B$10004 -> 0.028159563 | D2: ='test case 1'!C$10004 -> 0.285026 | E2: ='test case 1'!D$10004 -> 0.008888 | G2: ='test case 1'!F10004 -> 0.019298751
A3: ='test case 2'!A$10004 -> 0.455385 | B3: ='test case 2'!E$10004 -> 0.00455385 | C3: ='test case 2'!B$10004 -> 0.001353231 | D3: ='test case 2'!C$10004 -> 0.011562 | E3: ='test case 2'!D$10004 -> 0.003368 | G3: ='test case 2'!F10004 -> 0.0044107199
A4: ='test case 3'!A$10004 -> 0.523699 | B4: ='test case 3'!E$10004 -> 0.00523699 | C4: ='test case 3'!B$10004 -> 0.0078315888 | D4: ='test case 3'!C$10004 -> 0.080984 | E4: ='test case 3'!D$10004 -> 0.003095 | G4: ='test case 3'!F10004 -> 0.0043932405
A5: ='test case 4'!A$10004 -> 3.072759 | B5: ='test case 4'!E$10004 -> 0.03072759 | C5: ='test case 4'!B$10004 -> 0.013366697 | D5: ='test case 4'!C$10004 -> 0.13138 | E5: ='test case 4'!D$10004 -> 0.016324 | G5: ='test case 4'!F10004 -> 0.029046469
A6: ='test case 5'!A$10004 -> 1.278219 | B6: ='test case 5'!E$10004 -> 0.01278219 | C6: ='test case 5'!B$10004 -> 0.021210952 | D6: ='test case 5'!C$10004 -> 0.219507 | E6: ='test case 5'!D$10004 -> 0.006321 | G6: ='test case 5'!F10004 -> 0.010525904

Sheet test case 1
A1: http_code | B1: time_namelookup | C1: time_connect | D1: time_appconnect | E1: time_pretransfer | F1: time_redirect | G1: time_starttransfer | H1: time_total
A2: 201 | B2: 0.00052 | C2: 0.001326 | D2: 0 | E2: 0.001381 | F2: 0 | G2: 0.07098 | H2: 0.071424
A3: 201 | B3: 0.00044 | C3: 0.001099 | D3: 0 | E3: 0.001146 | F3: 0 | G3: 0.036734 | H3: 0.038095
A4: 201 | B4: 0.000325 | C4: 0.000737 | D4: 0 | E4: 0.000774 | F4: 0 | G4: 0.037359 | H4: 0.037809
A5: 201 | B5: 0.000348 | C5: 0.001008 | D5: 0 | E5: 0.001037 | F5: 0 | G5: 0.02809 | H5: 0.028607
A6: 201 | B6: 0.000491 | C6: 0.00109 | D6: 0 | E6: 0.00114 | F6: 0 | G6: 0.024776 | H6: 0.024993
A7: 201 | B7: 0.000484 | C7: 0.001317 | D7: 0 | E7: 0.00139 | F7: 0 | G7: 0.019258 | H7: 0.019347
A8: 201 | B8: 0.000454 | C8: 0.001189 | D8: 0 | E8: 0.001245 | F8: 0 | G8: 0.016025 | H8: 0.016948
A9: 201 | B9: 0.000466 | C9: 0.001088 | D9: 0 | E9: 0.00114 | F9: 0 | G9: 0.020469 | H9: 0.02076
A10: 201 | B10: 0.000487 | C10: 0.001248 | D10: 0 | E10: 0.001304 | F10: 0 | G10: 0.023538 | H10: 0.02381
A11: 201 | B11: 0.000489 | C11: 0.00135 | D11: 0 | E11: 0.001405 | F11: 0 | G11: 0.01924 | H11: 0.019304
A12: 201 | B12: 0.003166 | C12: 0.003824 | D12: 0 | E12: 0.003871 | F12: 0 | G12: 0.023389 | H12: 0.023443
A13: 201 | B13: 0.000393 | C13: 0.001132 | D13: 0 | E13: 0.001171 | F13: 0 | G13: 0.023507 | H13: 0.023964
... A101: 201 | B101: 0.00045 | C101: 0.000973 | D101: 0 | E101: 0.001021 | F101: 0 | G101: 0.011963 | H101: 0.012401
A10003: Total | B10003: Standard Deviation | C10003: Maximum | D10003: Minimum | E10003: Average | F10003: Mean
A10004: =SUM($H$2:$H$10001) -> 2.303909 | B10004: =_xlfn.STDEV.S($H$2:$H$10001) -> 0.028159563 | C10004: =MAX($H$2:$H$10001) -> 0.285026 | D10004: =MIN($H$2:$H$10001) -> 0.008888 | E10004: =AVERAGE($H$2:$H$10001) -> 0.02303909 | F10004: =GEOMEAN($H$2:$H$10001) -> 0.019298751

Sheet test case 2
A1: http_code | B1: time_namelookup | C1: time_connect | D1: time_appconnect | E1: time_pretransfer | F1: time_redirect | G1: time_starttransfer | H1: time_total
A2: 200 | B2: 0.000295 | C2: 0.001057 | D2: 0 | E2: 0.001078 | F2: 0 | G2: 0.006352 | H2: 0.006423
A3: 200 | B3: 0.000326 | C3: 0.002877 | D3: 0 | E3: 0.002914 | F3: 0 | G3: 0.006386 | H3: 0.006552
A4: 200 | B4: 0.000309 | C4: 0.000976 | D4: 0 | E4: 0.001 | F4: 0 | G4: 0.003691 | H4: 0.003781
A5: 200 | B5: 0.000306 | C5: 0.001153 | D5: 0 | E5: 0.001177 | F5: 0 | G5: 0.003923 | H5: 0.004157
A6: 200 | B6: 0.000387 | C6: 0.001105 | D6: 0 | E6: 0.001128 | F6: 0 | G6: 0.004706 | H6: 0.004957
A7: 200 | B7: 0.000327 | C7: 0.000996 | D7: 0 | E7: 0.00102 | F7: 0 | G7: 0.003482 | H7: 0.003503
A8: 200 | B8: 0.000311 | C8: 0.00086 | D8: 0 | E8: 0.000886 | F8: 0 | G8: 0.003532 | H8: 0.003841
A9: 200 | B9: 0.000319 | C9: 0.001053 | D9: 0 | E9: 0.001074 | F9: 0 | G9: 0.003684 | H9: 0.003947
A10: 200 | B10: 0.000334 | C10: 0.001001 | D10: 0 | E10: 0.001025 | F10: 0 | G10: 0.003698 | H10: 0.003956
A11: 200 | B11: 0.000309 | C11: 0.000901 | D11: 0 | E11: 0.000922 | F11: 0 | G11: 0.003485 | H11: 0.003897
A12: 200 | B12: 0.000268 | C12: 0.000769 | D12: 0 | E12: 0.000789 | F12: 0 | G12: 0.003434 | H12: 0.003543
A13: 200 | B13: 0.000299 | C13: 0.000886 | D13: 0 | E13: 0.000908 | F13: 0 | G13: 0.003558 | H13: 0.003883
... A101: 200 | B101: 0.000341 | C101: 0.001026 | D101: 0 | E101: 0.001061 | F101: 0 | G101: 0.004072 | H101: 0.004232
A10003: Total | B10003: Standard Deviation | C10003: Maximum | D10003: Minimum | E10003: Average | F10003: Mean
A10004: =SUM($H$2:$H$10001) -> 0.455385 | B10004: =_xlfn.STDEV.S($H$2:$H$10001) -> 0.001353231 | C10004: =MAX($H$2:$H$10001) -> 0.011562 | D10004: =MIN($H$2:$H$10001) -> 0.003368 | E10004: =AVERAGE($H$2:$H$10001) -> 0.00455385 | F10004: =GEOMEAN($H$2:$H$10001) -> 0.0044107199

Sheet test case 3
A1: http_code | B1: time_namelookup | C1: time_connect | D1: time_appconnect | E1: time_pretransfer | F1: time_redirect | G1: time_starttransfer | H1: time_total
A2: 200 | B2: 0.000276 | C2: 0.000978 | D2: 0 | E2: 0.00101 | F2: 0 | G2: 0.012175 | H2: 0.012219
A3: 200 | B3: 0.000361 | C3: 0.000966 | D3: 0 | E3: 0.000999 | F3: 0 | G3: 0.004436 | H3: 0.004462
A4: 200 | B4: 0.000336 | C4: 0.001052 | D4: 0 | E4: 0.00108 | F4: 0 | G4: 0.003898 | H4: 0.003957
A5: 200 | B5: 0.000338 | C5: 0.00122 | D5: 0 | E5: 0.001258 | F5: 0 | G5: 0.003743 | H5: 0.003791
A6: 200 | B6: 0.000345 | C6: 0.00109 | D6: 0 | E6: 0.00112 | F6: 0 | G6: 0.003587 | H6: 0.003626
A7: 200 | B7: 0.000308 | C7: 0.000808 | D7: 0 | E7: 0.000837 | F7: 0 | G7: 0.003047 | H7: 0.003145
A8: 200 | B8: 0.000317 | C8: 0.001062 | D8: 0 | E8: 0.001094 | F8: 0 | G8: 0.003702 | H8: 0.003757
A9: 200 | B9: 0.000338 | C9: 0.000835 | D9: 0 | E9: 0.000876 | F9: 0 | G9: 0.003672 | H9: 0.003713
A10: 200 | B10: 0.000355 | C10: 0.000832 | D10: 0 | E10: 0.000865 | F10: 0 | G10: 0.00367 | H10: 0.003732
A11: 200 | B11: 0.000367 | C11: 0.001013 | D11: 0 | E11: 0.001053 | F11: 0 | G11: 0.003303 | H11: 0.003611
A12: 200 | B12: 0.000366 | C12: 0.001082 | D12: 0 | E12: 0.001113 | F12: 0 | G12: 0.003666 | H12: 0.003725
A13: 200 | B13: 0.000364 | C13: 0.001027 | D13: 0 | E13: 0.00106 | F13: 0 | G13: 0.003691 | H13: 0.00376
... A101: 200 | B101: 0.000317 | C101: 0.001003 | D101: 0 | E101: 0.001028 | F101: 0 | G101: 0.004589 | H101: 0.004832
A10003: Total | B10003: Standard Deviation | C10003: Maximum | D10003: Minimum | E10003: Average | F10003: Mean
A10004: =SUM($H$2:$H$10001) -> 0.523699 | B10004: =_xlfn.STDEV.S($H$2:$H$10001) -> 0.0078315888 | C10004: =MAX($H$2:$H$10001) -> 0.080984 | D10004: =MIN($H$2:$H$10001) -> 0.003095 | E10004: =AVERAGE($H$2:$H$10001) -> 0.00523699 | F10004: =GEOMEAN($H$2:$H$10001) -> 0.0043932405

Sheet test case 4
A1: http_code | B1: time_namelookup | C1: time_connect | D1: time_appconnect | E1: time_pretransfer | F1: time_redirect | G1: time_starttransfer | H1: time_total
A2: 200 | B2: 0.00032 | C2: 0.000957 | D2: 0 | E2: 0.000989 | F2: 0 | G2: 0.130928 | H2: 0.13138
A3: 200 | B3: 0.000413 | C3: 0.001264 | D3: 0 | E3: 0.001316 | F3: 0 | G3: 0.055802 | H3: 0.05628
A4: 200 | B4: 0.000334 | C4: 0.00092 | D4: 0 | E4: 0.000955 | F4: 0 | G4: 0.038267 | H4: 0.038782
A5: 200 | B5: 0.000362 | C5: 0.001054 | D5: 0 | E5: 0.001084 | F5: 0 | G5: 0.050703 | H5: 0.051009
A6: 200 | B6: 0.000732 | C6: 0.001623 | D6: 0 | E6: 0.001703 | F6: 0 | G6: 0.024236 | H6: 0.024404
A7: 200 | B7: 0.000583 | C7: 0.001143 | D7: 0 | E7: 0.001192 | F7: 0 | G7: 0.020929 | H7: 0.02138
A8: 200 | B8: 0.000361 | C8: 0.001148 | D8: 0 | E8: 0.001184 | F8: 0 | G8: 0.05355 | H8: 0.053571
A9: 200 | B9: 0.000494 | C9: 0.001341 | D9: 0 | E9: 0.001389 | F9: 0 | G9: 0.026285 | H9: 0.02671
A10: 200 | B10: 0.000515 | C10: 0.001204 | D10: 0 | E10: 0.001259 | F10: 0 | G10: 0.037018 | H10: 0.037217
A11: 200 | B11: 0.000436 | C11: 0.001355 | D11: 0 | E11: 0.00141 | F11: 0 | G11: 0.026929 | H11: 0.027288
A12: 200 | B12: 0.000543 | C12: 0.001195 | D12: 0 | E12: 0.001251 | F12: 0 | G12: 0.033437 | H12: 0.033881
A13: 200 | B13: 0.000504 | C13: 0.001093 | D13: 0 | E13: 0.001148 | F13: 0 | G13: 0.029653 | H13: 0.030064
... A101: 200 | B101: 0.000471 | C101: 0.001241 | D101: 0 | E101: 0.001308 | F101: 0 | G101: 0.028961 | H101: 0.02922
A10003: Total | B10003: Standard Deviation | C10003: Maximum | D10003: Minimum | E10003: Average | F10003: Mean
A10004: =SUM($H$2:$H$10001) -> 3.072759 | B10004: =_xlfn.STDEV.S($H$2:$H$10001) -> 0.013366697 | C10004: =MAX($H$2:$H$10001) -> 0.13138 | D10004: =MIN($H$2:$H$10001) -> 0.016324 | E10004: =AVERAGE($H$2:$H$10001) -> 0.03072759 | F10004: =GEOMEAN($H$2:$H$10001) -> 0.029046469

Sheet test case 5
A1: http_code | B1: time_namelookup | C1: time_connect | D1: time_appconnect | E1: time_pretransfer | F1: time_redirect | G1: time_starttransfer | H1: time_total
A2: 200 | B2: 0.000288 | C2: 0.001024 | D2: 0 | E2: 0.001048 | F2: 0 | G2: 0.219081 | H2: 0.219507
A3: 200 | B3: 0.000326 | C3: 0.00109 | D3: 0 | E3: 0.001113 | F3: 0 | G3: 0.014749 | H3: 0.015103
A4: 200 | B4: 0.000349 | C4: 0.000939 | D4: 0 | E4: 0.000973 | F4: 0 | G4: 0.009875 | H4: 0.010088
A5: 200 | B5: 0.000336 | C5: 0.001083 | D5: 0 | E5: 0.001118 | F5: 0 | G5: 0.014036 | H5: 0.014071
A6: 200 | B6: 0.000304 | C6: 0.001033 | D6: 0 | E6: 0.001057 | F6: 0 | G6: 0.009388 | H6: 0.009767
A7: 200 | B7: 0.000383 | C7: 0.001014 | D7: 0 | E7: 0.001045 | F7: 0 | G7: 0.008798 | H7: 0.009103
A8: 200 | B8: 0.000315 | C8: 0.000713 | D8: 0 | E8: 0.000749 | F8: 0 | G8: 0.008595 | H8: 0.008638
A9: 200 | B9: 0.000524 | C9: 0.001122 | D9: 0 | E9: 0.001167 | F9: 0 | G9: 0.008437 | H9: 0.008666
A10: 200 | B10: 0.000375 | C10: 0.001036 | D10: 0 | E10: 0.001068 | F10: 0 | G10: 0.008192 | H10: 0.008225
A11: 200 | B11: 0.000382 | C11: 0.001066 | D11: 0 | E11: 0.001101 | F11: 0 | G11: 0.008388 | H11: 0.008455
A12: 200 | B12: 0.000372 | C12: 0.001054 | D12: 0 | E12: 0.001095 | F12: 0 | G12: 0.008443 | H12: 0.008951
A13: 200 | B13: 0.000378 | C13: 0.001056 | D13: 0 | E13: 0.001091 | F13: 0 | G13: 0.0118 | H13: 0.011836
... A101: 200 | B101: 0.000264 | C101: 0.000892 | D101: 0 | E101: 0.000915 | F101: 0 | G101: 0.007062 | H101: 0.007564
A10003: Total | B10003: Standard Deviation | C10003: Maximum | D10003: Minimum | E10003: Average | F10003: Mean
A10004: =SUM($H$2:$H$10001) -> 1.278219 | B10004: =_xlfn.STDEV.S($H$2:$H$10001) -> 0.021210952 | C10004: =MAX($H$2:$H$10001) -> 0.219507 | D10004: =MIN($H$2:$H$10001) -> 0.006321 | E10004: =AVERAGE($H$2:$H$10001) -> 0.01278219 | F10004: =GEOMEAN($H$2:$H$10001) -> 0.010525904
